{"net.module.0.weight_prior.p": [-4112.993846305028, 6.011245966063856, [null, 3]], "net.module.3.main.0.weight_prior.p": [-3222.278865661859, 5.097041764391427, [null, 2]], "net.module.3.main.3.weight_prior.p": [-3408.6396281560174, 6.9447244207846515, [null, 2]], "net.module.4.main.0.weight_prior.p": [-2008.4077003764319, 6.802980537736434, [null, 2]], "net.module.4.main.3.weight_prior.p": [-666.6245776566849, 8.535184234833107, [null, 2]], "net.module.5.main.0.weight_prior.p": [-4561.387973894467, 5.768367509654538, [null, 2]], "net.module.5.main.3.weight_prior.p": [2428.525077553126, 15.844792250684804, [null, 3]], "net.module.6.main.0.weight_prior.p": [5952.406233850634, 6.264350876402998, [null, 2]], "net.module.6.main.3.weight_prior.p": [14278.932825181124, 16.51194091580221, [null, 2]], "net.module.7.main.0.weight_prior.p": [14380.752107462999, 33.982139380106915, [[0, 2, 1, 3, 4], 3]], "net.module.7.main.3.weight_prior.p": [31983.19689334691, 61.7971686982526, [null, 3]], "net.module.8.main.0.weight_prior.p": [22339.614740765057, 14.894268696601973, [null, 2]], "net.module.8.main.3.weight_prior.p": [48795.605454744444, 68.50898282385658, [null, 3]], "net.module.9.main.0.weight_prior.p": [107838.11160960098, 176.89427669120886, [[0, 2, 1, 3, 4], 3]], "net.module.9.main.3.weight_prior.p": [106757.2631735626, 99.3005626025361, [[0, 2, 1, 3, 4], 3]], "net.module.10.main.0.weight_prior.p": [121434.1508693131, 85.95302998429463, [[0, 2, 1, 3, 4], 3]], "net.module.10.main.3.weight_prior.p": [203662.85661748712, 67.1106941862147, [null, 3]], "net.module.11.main.0.weight_prior.p": [268671.03622339456, 36.15081409364197, [null, 3]], "net.module.11.main.3.weight_prior.p": [519471.9006328897, 41.764626316189975, [null, 3]]}