{"net.module.0.weight_prior.p": 0.6403542406466662, "net.module.3.main.0.weight_prior.p": 1.0704316857604412, "net.module.3.main.3.weight_prior.p": 1.0931095467878191, "net.module.4.main.0.weight_prior.p": 1.1508441889397887, "net.module.4.main.3.weight_prior.p": 1.1625694012987868, "net.module.5.main.0.weight_prior.p": 1.036860604040884, "net.module.5.main.3.weight_prior.p": 1.32040510780009, "net.module.6.main.0.weight_prior.p": 1.3079073317504737, "net.module.6.main.3.weight_prior.p": 1.3582550038061472, "net.module.7.main.0.weight_prior.p": 1.409553523481043, "net.module.7.main.3.weight_prior.p": 1.58284050379471, "net.module.8.main.0.weight_prior.p": 1.5150031056885025, "net.module.8.main.3.weight_prior.p": 1.7086917828865713, "net.module.9.main.0.weight_prior.p": 1.6521636013059522, "net.module.9.main.3.weight_prior.p": 1.4225267233402705, "net.module.10.main.0.weight_prior.p": 1.5016139099958647, "net.module.10.main.3.weight_prior.p": 1.680308836143859, "net.module.11.main.0.weight_prior.p": 1.8246006889054769, "net.module.11.main.3.weight_prior.p": 2.1790248672256287}